"id,produto,quantidade,preco,data"
"1,encordoamento para guitarra,12,39.00,01/03/2023"
"2,violao acustico,4,299.00,02/03/2023"
"3,capa para violao,5,99.00,03/03/2023"
"4,banqueta para violao,6,69.00,04/03/2023"
"5,limpador de cordas,8,29.00,05/03/2023"
"6,flauta transversal,2,1999.00,06/03/2023"
"7,suporte para flauta,4,79.00,07/03/2023"
"8,estojo para flauta,10,9999,08/03/2023"
"9,fone de ouvido,5,80.00,09/03/2023"
"10,saxofone,4,4359.00,10/03/2023"
"11,suporte para saxofone,5,32.69,11/03/2023"
"12,mouse sem fio,7,50.00,12/03/2023"
"13,filtro de linha,6,30.00,13/03/2023"
"14,cabo HDMI,10,15.00,14/03/2023"
"15,pilha AA,20,2.00,15/03/2023"
"16,luminaria de mesa,4,40.00,16/03/2023"
"17,sintetizador de voz,3,324.12,17/03/2023"
"18,controlador com cabo usb,4,124.00,18/03/2023"
"19,caixa de som jbl,2,39.99,19/03/2023"
"20,microfone sem fio shure,3,2000.00,20/03/2023"
"21,pedestal para microfone,6,150.00,21/03/2023"
"22,cabo para microfone,10,12.50,22/03/2023"
"23,teclado musical casio,2,784.98,23/03/2023"
"24,caixa acustica,8,789.00,24/03/2023"
"25,mixer de audio behringer,2,888.00,25/03/2023"
"26,relogio de parede,8,20.00,26/03/2023"
"27,porta-retrato digital,2,100.00,27/03/2023"
"28,vaporizador de roupas,1,150.00,28/03/2023"
"29,balanca digital,3,60.00,29/03/2023"
"30,furadeira eletrica,2,200.00,30/03/2023"
"31,jogo de panelas antiaderente,5,120.00,31/03/2023"
