"id,produto,quantidade,preco,data"
"1,amplificador de guitarra,4,799.00,1/02/2023"
"2,pedaleira preta,5,499.00,2/02/2023"
"3,cabo para instrumento ninja,10,59.00,3/02/2023"
"4,palheta dunlop,20,1.00,4/02/2023"
"5,afinador digital,6,49.00,5/02/2023"
"6,capotraste,8,99.00,6/02/2023"
"7,suporte para guitarra,7,29.00,7/02/2023"
"8,correia para guitarra,9,19.00,8/02/2023"
"9,encordoamento para guitarra,12,39.00,9/02/2023"
"10,violao acustico,4,299.00,10/02/2023"
"11,capa para violao,5,99.00,11/02/2023"
"12,banqueta para violao,6,69.00,12/02/2023"
"13,limpador de cordas,8,29.00,13/02/2023"
"14,flauta transversal,2,1999.00,14/02/2023"
"15,suporte para flauta,4,79.00,15/02/2023"
"16,estojo para flauta,10,9999,16/02/2023"
"17,saxofone,4,4359.00,17/02/2023"
"18,suporte para saxofone,5,32.69,18/02/2023"
"19,teclado musical casio,2,784.98,19/02/2023"
"20,sintetizador de voz,3,324.12,20/02/2023"
"21,controlador com cabo usb,4,124.00,21/02/2023"
"22,caixa de som jbl,2,39.99,22/02/2023"
"23,microfone sem fio shure,3,2000.00,23/02/2023"
"24,pedestal para microfone,6,150.00,24/02/2023"
"25,cabo para microfone,10,12.50,25/02/2023"
"26,caixa acustica,8,789.00,26/02/2023"
"27,mixer de audio behringer,2,888.00,27/02/2023"
"28,fone de ouvido profissional akg,3,300.00,28/02/2023"





































"88,monitor yamaha hs5,2,990.00,31/01/2023"
