"id,produto,quantidade,preco,data"
"1,sapato,3,100.00,01/04/2023"
"2,meia,20,5.00,02/04/2023"
"3,cinto,8,15.00,03/04/2023"
"4,camisa,7,40.00,04/04/2023"
"5,bermuda,6,50.00,05/04/2023"
"6,tenis,4,120.00,06/04/2023"
"7,palheta dunlop,20,1.00,07/04/2023"
"8,estojo para flauta,2,29,08/04/2023"
"9,fone de ouvido,7,200.00,09/04/2023"
"10,saxofone,3,4000.00,10/04/2023"
"11,suporte para saxofone,7,36.62,11/04/2023"
"12,mouse sem fio,2,80.00,12/04/2023"
"13,filtro de linha,9,100.00,13/04/2023"
"14,cabo HDMI,17,27.00,14/04/2023"
"15,pilha AA,32,11.00,15/04/2023"
"16,suporte para guitarra,7,29.00,16/04/2023"
"17,correia para guitarra,9,19.00,17/04/2023"
"18,controlador com cabo usb,10,14.00,18/04/2023"
"19,encordoamento para guitarra,12,39.00,19/04/2023"
"20,limpador de cordas,8,29.00,20/04/2023"
"21,pedestal para microfone,10,125.00,21/04/2023"
"22,cabo para microfone,6,120.00,22/04/2023"
"23,flauta transversal,2,1999.00,23/04/2023"
"24,sintetizador de voz,3,324.12,24/04/2023"
"25,fone de ouvido profissional akg,3,300.00,25/04/2023"
"26,relogio de parede,20,15.00,26/04/2023"
"27,porta-retrato digital,10,80.00,27/04/2023"
"28,vaporizador de roupas,5,238.00,28/04/2023"
"29,papel sulfite A4 500 folhas,6,25.00,29/04/2023"
"30,furadeira eletrica,5,180.00,30/04/2023"
